{
  "model": "supernova:gun/supernova_geo",
  "texture": "supernova:gun/uv/supernova",
  "hud": "supernova:gun/hud/supernova",
  "slot": "supernova:gun/slot/supernova",
  "animation": "supernova:supernova",
  "use_default_animation": "rifle",
  "player_animator_3rd": "tacz:rifle_default.player_animation",
  "show_crosshair": true,
  "lod": {
    "model": "supernova:gun/lod/supernova",
    "texture": "supernova:gun/lod/supernova"
  },
  "transform": {
    "scale": {
      "thirdperson": [1, 1, 1],
      "ground": [1, 1, 1],
      "fixed": [1.5, 1.5, 1.5]
    }
  },
  "sounds": {
    "reload_empty": "supernova:guns/supernova_reload",
    "reload_tactical": "supernova:guns/supernova_reload",
    "inspect": "supernova:guns/supernova_inspect",
    "inspect_empty": "supernova:guns/supernova_inspect_empty",
    "draw": "supernova:guns/supernova_draw",
    "put_away": "supernova:guns/supernova_put_away",
    "shoot": "supernova:guns/supernova_fire",
    "shoot_3p": "supernova:guns/supernova_fire"
  },
  "offhand_show": {
    "pos": [0, 20, 5],
    "rotate": [-20, 0, 30],
    "scale": [0.5, 0.5, 0.5]
  },
  "hotbar_show": {
    "0": {
      "pos": [-4, 24, 4],
      "rotate": [-90, -5, -90],
      "scale": [0.5, 0.5, 0.5]
    }
  }
}