{
  "materials": [
    {
      "item": {
        "tag": "forge:ingots/gold"
      },
      "count": 25
    },
    {
      "item": {
        "tag": "forge:ingots/iron"
      },
      "count": 136
    },
    {
      "item": {
        "item": "minecraft:beacon"
      },
      "count": 1
    },
    {
      "item": {
        "item": "minecraft:netherite_ingot"
      },
      "count": 3
    },
    {
      "item": {
        "item": "minecraft:diamond"
      },
      "count": 10
    },
    {
      "item": {
        "item": "minecraft:ancient_debris"
      },
      "count": 1
    },
    {
      "item": {
        "item": "minecraft:dragon_head"
      },
      "count": 1
    }
  ],
  "result": {
    "type": "gun",
    "id": "supernova:supernova"
  },
  "type": "tacz:gun_smith_table_crafting"
}